value,value_classification,timestamp,time_until_update
40,Fear,1777852800,13341
47,Neutral,1777766400,
39,Fear,1777680000,
26,Fear,1777593600,
29,Fear,1777507200,
26,Fear,1777420800,
33,Fear,1777334400,
47,Neutral,1777248000,
33,Fear,1777161600,
31,Fear,1777075200,
39,Fear,1776988800,
46,Fear,1776902400,
32,Fear,1776816000,
33,Fear,1776729600,
29,Fear,1776643200,
27,Fear,1776556800,
26,Fear,1776470400,
21,Extreme Fear,1776384000,
23,Extreme Fear,1776297600,
23,Extreme Fear,1776211200,
21,Extreme Fear,1776124800,
12,Extreme Fear,1776038400,
16,Extreme Fear,1775952000,
15,Extreme Fear,1775865600,
16,Extreme Fear,1775779200,
14,Extreme Fear,1775692800,
17,Extreme Fear,1775606400,
11,Extreme Fear,1775520000,
13,Extreme Fear,1775433600,
12,Extreme Fear,1775347200,
11,Extreme Fear,1775260800,
9,Extreme Fear,1775174400,
12,Extreme Fear,1775088000,
8,Extreme Fear,1775001600,
11,Extreme Fear,1774915200,
8,Extreme Fear,1774828800,
9,Extreme Fear,1774742400,
12,Extreme Fear,1774656000,
13,Extreme Fear,1774569600,
10,Extreme Fear,1774483200,
14,Extreme Fear,1774396800,
11,Extreme Fear,1774310400,
8,Extreme Fear,1774224000,
10,Extreme Fear,1774137600,
12,Extreme Fear,1774051200,
11,Extreme Fear,1773964800,
23,Extreme Fear,1773878400,
26,Fear,1773792000,
28,Fear,1773705600,
23,Extreme Fear,1773619200,
15,Extreme Fear,1773532800,
16,Extreme Fear,1773446400,
15,Extreme Fear,1773360000,
18,Extreme Fear,1773273600,
15,Extreme Fear,1773187200,
13,Extreme Fear,1773100800,
8,Extreme Fear,1773014400,
12,Extreme Fear,1772928000,
12,Extreme Fear,1772841600,
18,Extreme Fear,1772755200,
22,Extreme Fear,1772668800,
10,Extreme Fear,1772582400,
14,Extreme Fear,1772496000,
10,Extreme Fear,1772409600,
14,Extreme Fear,1772323200,
11,Extreme Fear,1772236800,
13,Extreme Fear,1772150400,
11,Extreme Fear,1772064000,
11,Extreme Fear,1771977600,
8,Extreme Fear,1771891200,
5,Extreme Fear,1771804800,
9,Extreme Fear,1771718400,
8,Extreme Fear,1771632000,
7,Extreme Fear,1771545600,
9,Extreme Fear,1771459200,
8,Extreme Fear,1771372800,
10,Extreme Fear,1771286400,
12,Extreme Fear,1771200000,
8,Extreme Fear,1771113600,
9,Extreme Fear,1771027200,
9,Extreme Fear,1770940800,
5,Extreme Fear,1770854400,
11,Extreme Fear,1770768000,
9,Extreme Fear,1770681600,
14,Extreme Fear,1770595200,
7,Extreme Fear,1770508800,
6,Extreme Fear,1770422400,
9,Extreme Fear,1770336000,
12,Extreme Fear,1770249600,
14,Extreme Fear,1770163200,
17,Extreme Fear,1770076800,
14,Extreme Fear,1769990400,
14,Extreme Fear,1769904000,
20,Extreme Fear,1769817600,
16,Extreme Fear,1769731200,
26,Fear,1769644800,
29,Fear,1769558400,
29,Fear,1769472000,
20,Extreme Fear,1769385600,
25,Extreme Fear,1769299200,
25,Extreme Fear,1769212800,
24,Extreme Fear,1769126400,
20,Extreme Fear,1769040000,
24,Extreme Fear,1768953600,
32,Fear,1768867200,
44,Fear,1768780800,
49,Neutral,1768694400,
50,Neutral,1768608000,
49,Neutral,1768521600,
61,Greed,1768435200,
48,Neutral,1768348800,
26,Fear,1768262400,
27,Fear,1768176000,
29,Fear,1768089600,
25,Extreme Fear,1768003200,
27,Fear,1767916800,
28,Fear,1767830400,
42,Fear,1767744000,
44,Fear,1767657600,
26,Fear,1767571200,
25,Extreme Fear,1767484800,
29,Fear,1767398400,
28,Fear,1767312000,
20,Extreme Fear,1767225600,
21,Extreme Fear,1767139200,
23,Extreme Fear,1767052800,
24,Extreme Fear,1766966400,
24,Extreme Fear,1766880000,
23,Extreme Fear,1766793600,
20,Extreme Fear,1766707200,
23,Extreme Fear,1766620800,
24,Extreme Fear,1766534400,
24,Extreme Fear,1766448000,
25,Extreme Fear,1766361600,
20,Extreme Fear,1766275200,
20,Extreme Fear,1766188800,
16,Extreme Fear,1766102400,
17,Extreme Fear,1766016000,
16,Extreme Fear,1765929600,
11,Extreme Fear,1765843200,
16,Extreme Fear,1765756800,
21,Extreme Fear,1765670400,
23,Extreme Fear,1765584000,
29,Fear,1765497600,
29,Fear,1765411200,
26,Fear,1765324800,
22,Extreme Fear,1765238400,
20,Extreme Fear,1765152000,
20,Extreme Fear,1765065600,
23,Extreme Fear,1764979200,
28,Fear,1764892800,
26,Fear,1764806400,
28,Fear,1764720000,
23,Extreme Fear,1764633600,
24,Extreme Fear,1764547200,
28,Fear,1764460800,
28,Fear,1764374400,
25,Extreme Fear,1764288000,
22,Extreme Fear,1764201600,
15,Extreme Fear,1764115200,
20,Extreme Fear,1764028800,
19,Extreme Fear,1763942400,
13,Extreme Fear,1763856000,
11,Extreme Fear,1763769600,
14,Extreme Fear,1763683200,
11,Extreme Fear,1763596800,
15,Extreme Fear,1763510400,
11,Extreme Fear,1763424000,
14,Extreme Fear,1763337600,
10,Extreme Fear,1763251200,
10,Extreme Fear,1763164800,
16,Extreme Fear,1763078400,
15,Extreme Fear,1762992000,
24,Extreme Fear,1762905600,
26,Fear,1762819200,
29,Fear,1762732800,
22,Extreme Fear,1762646400,
20,Extreme Fear,1762560000,
24,Extreme Fear,1762473600,
27,Fear,1762387200,
23,Extreme Fear,1762300800,
21,Extreme Fear,1762214400,
42,Fear,1762128000,
37,Fear,1762041600,
33,Fear,1761955200,
29,Fear,1761868800,
34,Fear,1761782400,
51,Neutral,1761696000,
50,Neutral,1761609600,
51,Neutral,1761523200,
40,Fear,1761436800,
37,Fear,1761350400,
30,Fear,1761264000,
27,Fear,1761177600,
25,Extreme Fear,1761091200,
34,Fear,1761004800,
29,Fear,1760918400,
29,Fear,1760832000,
23,Extreme Fear,1760745600,
22,Extreme Fear,1760659200,
28,Fear,1760572800,
34,Fear,1760486400,
38,Fear,1760400000,
38,Fear,1760313600,
24,Extreme Fear,1760227200,
27,Fear,1760140800,
64,Greed,1760054400,
70,Greed,1759968000,
60,Greed,1759881600,
70,Greed,1759795200,
71,Greed,1759708800,
74,Greed,1759622400,
71,Greed,1759536000,
63,Greed,1759449600,
64,Greed,1759363200,
49,Neutral,1759276800,
50,Neutral,1759190400,
50,Neutral,1759104000,
37,Fear,1759017600,
33,Fear,1758931200,
28,Fear,1758844800,
44,Fear,1758758400,
44,Fear,1758672000,
43,Fear,1758585600,
45,Fear,1758499200,
49,Neutral,1758412800,
48,Neutral,1758326400,
53,Neutral,1758240000,
52,Neutral,1758153600,
53,Neutral,1758067200,
52,Neutral,1757980800,
53,Neutral,1757894400,
55,Greed,1757808000,
52,Neutral,1757721600,
57,Greed,1757635200,
54,Neutral,1757548800,
49,Neutral,1757462400,
48,Neutral,1757376000,
51,Neutral,1757289600,
44,Fear,1757203200,
48,Neutral,1757116800,
48,Neutral,1757030400,
51,Neutral,1756944000,
55,Greed,1756857600,
49,Neutral,1756771200,
46,Fear,1756684800,
48,Neutral,1756598400,
39,Fear,1756512000,
50,Neutral,1756425600,
48,Neutral,1756339200,
51,Neutral,1756252800,
48,Neutral,1756166400,
47,Neutral,1756080000,
53,Neutral,1755993600,
60,Greed,1755907200,
50,Neutral,1755820800,
50,Neutral,1755734400,
44,Fear,1755648000,
56,Greed,1755561600,
60,Greed,1755475200,
64,Greed,1755388800,
56,Greed,1755302400,
60,Greed,1755216000,
75,Greed,1755129600,
73,Greed,1755043200,
68,Greed,1754956800,
70,Greed,1754870400,
69,Greed,1754784000,
67,Greed,1754697600,
74,Greed,1754611200,
62,Greed,1754524800,
54,Neutral,1754438400,
60,Greed,1754352000,
64,Greed,1754265600,
53,Neutral,1754179200,
55,Greed,1754092800,
65,Greed,1754006400,
72,Greed,1753920000,
74,Greed,1753833600,
73,Greed,1753747200,
75,Greed,1753660800,
73,Greed,1753574400,
72,Greed,1753488000,
70,Greed,1753401600,
71,Greed,1753315200,
74,Greed,1753228800,
72,Greed,1753142400,
71,Greed,1753056000,
72,Greed,1752969600,
74,Greed,1752883200,
73,Greed,1752796800,
74,Greed,1752710400,
70,Greed,1752624000,
73,Greed,1752537600,
74,Greed,1752451200,
74,Greed,1752364800,
79,Extreme Greed,1752278400,
71,Greed,1752192000,
71,Greed,1752105600,
66,Greed,1752019200,
65,Greed,1751932800,
73,Greed,1751846400,
66,Greed,1751760000,
67,Greed,1751673600,
73,Greed,1751587200,
73,Greed,1751500800,
63,Greed,1751414400,
64,Greed,1751328000,
66,Greed,1751241600,
68,Greed,1751155200,
65,Greed,1751068800,
65,Greed,1750982400,
74,Greed,1750896000,
66,Greed,1750809600,
65,Greed,1750723200,
47,Neutral,1750636800,
42,Fear,1750550400,
49,Neutral,1750464000,
54,Neutral,1750377600,
57,Greed,1750291200,
52,Neutral,1750204800,
68,Greed,1750118400,
61,Greed,1750032000,
60,Greed,1749945600,
63,Greed,1749859200,
61,Greed,1749772800,
71,Greed,1749686400,
72,Greed,1749600000,
71,Greed,1749513600,
62,Greed,1749427200,
62,Greed,1749340800,
52,Neutral,1749254400,
45,Fear,1749168000,
57,Greed,1749081600,
62,Greed,1748995200,
64,Greed,1748908800,
64,Greed,1748822400,
56,Greed,1748736000,
50,Neutral,1748649600,
60,Greed,1748563200,
74,Greed,1748476800,
71,Greed,1748390400,
74,Greed,1748304000,
73,Greed,1748217600,
74,Greed,1748131200,
66,Greed,1748044800,
78,Extreme Greed,1747958400,
72,Greed,1747872000,
70,Greed,1747785600,
71,Greed,1747699200,
74,Greed,1747612800,
74,Greed,1747526400,
74,Greed,1747440000,
71,Greed,1747353600,
70,Greed,1747267200,
73,Greed,1747180800,
70,Greed,1747094400,
70,Greed,1747008000,
70,Greed,1746921600,
70,Greed,1746835200,
73,Greed,1746748800,
65,Greed,1746662400,
67,Greed,1746576000,
59,Greed,1746489600,
52,Neutral,1746403200,
64,Greed,1746316800,
65,Greed,1746230400,
67,Greed,1746144000,
53,Neutral,1746057600,
56,Greed,1745971200,
60,Greed,1745884800,
54,Neutral,1745798400,
61,Greed,1745712000,
65,Greed,1745625600,
60,Greed,1745539200,
63,Greed,1745452800,
72,Greed,1745366400,
47,Neutral,1745280000,
39,Fear,1745193600,
37,Fear,1745107200,
32,Fear,1745020800,
33,Fear,1744934400,
30,Fear,1744848000,
29,Fear,1744761600,
38,Fear,1744675200,
31,Fear,1744588800,
45,Fear,1744502400,
43,Fear,1744416000,
25,Extreme Fear,1744329600,
39,Fear,1744243200,
18,Extreme Fear,1744156800,
24,Extreme Fear,1744070400,
23,Extreme Fear,1743984000,
34,Fear,1743897600,
30,Fear,1743811200,
28,Fear,1743724800,
25,Extreme Fear,1743638400,
44,Fear,1743552000,
34,Fear,1743465600,
34,Fear,1743379200,
32,Fear,1743292800,
26,Fear,1743206400,
44,Fear,1743120000,
40,Fear,1743033600,
47,Neutral,1742947200,
46,Fear,1742860800,
45,Fear,1742774400,
30,Fear,1742688000,
32,Fear,1742601600,
31,Fear,1742515200,
49,Neutral,1742428800,
32,Fear,1742342400,
34,Fear,1742256000,
32,Fear,1742169600,
30,Fear,1742083200,
46,Fear,1741996800,
27,Fear,1741910400,
45,Fear,1741824000,
34,Fear,1741737600,
24,Extreme Fear,1741651200,
20,Extreme Fear,1741564800,
27,Fear,1741478400,
28,Fear,1741392000,
34,Fear,1741305600,
25,Extreme Fear,1741219200,
20,Extreme Fear,1741132800,
15,Extreme Fear,1741046400,
33,Fear,1740960000,
26,Fear,1740873600,
20,Extreme Fear,1740787200,
16,Extreme Fear,1740700800,
10,Extreme Fear,1740614400,
21,Extreme Fear,1740528000,
25,Extreme Fear,1740441600,
49,Neutral,1740355200,
50,Neutral,1740268800,
49,Neutral,1740182400,
55,Greed,1740096000,
49,Neutral,1740009600,
44,Fear,1739923200,
47,Neutral,1739836800,
51,Neutral,1739750400,
54,Neutral,1739664000,
50,Neutral,1739577600,
48,Neutral,1739491200,
50,Neutral,1739404800,
46,Fear,1739318400,
47,Neutral,1739232000,
43,Fear,1739145600,
46,Fear,1739059200,
44,Fear,1738972800,
44,Fear,1738886400,
49,Neutral,1738800000,
54,Neutral,1738713600,
72,Greed,1738627200,
44,Fear,1738540800,
60,Greed,1738454400,
68,Greed,1738368000,
76,Extreme Greed,1738281600,
70,Greed,1738195200,
72,Greed,1738108800,
72,Greed,1738022400,
71,Greed,1737936000,
73,Greed,1737849600,
75,Greed,1737763200,
75,Greed,1737676800,
75,Greed,1737590400,
84,Extreme Greed,1737504000,
76,Extreme Greed,1737417600,
76,Extreme Greed,1737331200,
77,Extreme Greed,1737244800,
77,Extreme Greed,1737158400,
75,Greed,1737072000,
75,Greed,1736985600,
70,Greed,1736899200,
63,Greed,1736812800,
61,Greed,1736726400,
62,Greed,1736640000,
69,Greed,1736553600,
50,Neutral,1736467200,
69,Greed,1736380800,
70,Greed,1736294400,
78,Extreme Greed,1736208000,
76,Extreme Greed,1736121600,
72,Greed,1736035200,
73,Greed,1735948800,
74,Greed,1735862400,
70,Greed,1735776000,
66,Greed,1735689600,
64,Greed,1735603200,
65,Greed,1735516800,
73,Greed,1735430400,
72,Greed,1735344000,
74,Greed,1735257600,
79,Extreme Greed,1735171200,
73,Greed,1735084800,
73,Greed,1734998400,
70,Greed,1734912000,
73,Greed,1734825600,
73,Greed,1734739200,
74,Greed,1734652800,
75,Greed,1734566400,
81,Extreme Greed,1734480000,
87,Extreme Greed,1734393600,
83,Extreme Greed,1734307200,
80,Extreme Greed,1734220800,
83,Extreme Greed,1734134400,
76,Extreme Greed,1734048000,
83,Extreme Greed,1733961600,
74,Greed,1733875200,
78,Extreme Greed,1733788800,
78,Extreme Greed,1733702400,
79,Extreme Greed,1733616000,
75,Greed,1733529600,
72,Greed,1733443200,
84,Extreme Greed,1733356800,
78,Extreme Greed,1733270400,
76,Extreme Greed,1733184000,
80,Extreme Greed,1733097600,
81,Extreme Greed,1733011200,
84,Extreme Greed,1732924800,
78,Extreme Greed,1732838400,
77,Extreme Greed,1732752000,
75,Greed,1732665600,
79,Extreme Greed,1732579200,
82,Extreme Greed,1732492800,
80,Extreme Greed,1732406400,
93,Extreme Greed,1732320000,
94,Extreme Greed,1732233600,
82,Extreme Greed,1732147200,
83,Extreme Greed,1732060800,
90,Extreme Greed,1731974400,
83,Extreme Greed,1731888000,
90,Extreme Greed,1731801600,
86,Extreme Greed,1731715200,
80,Extreme Greed,1731628800,
88,Extreme Greed,1731542400,
84,Extreme Greed,1731456000,
80,Extreme Greed,1731369600,
76,Extreme Greed,1731283200,
78,Extreme Greed,1731196800,
75,Greed,1731110400,
75,Greed,1731024000,
77,Extreme Greed,1730937600,
70,Greed,1730851200,
70,Greed,1730764800,
70,Greed,1730678400,
74,Greed,1730592000,
72,Greed,1730505600,
75,Greed,1730419200,
77,Extreme Greed,1730332800,
77,Extreme Greed,1730246400,
72,Greed,1730160000,
72,Greed,1730073600,
74,Greed,1729987200,
72,Greed,1729814400,
69,Greed,1729728000,
71,Greed,1729641600,
70,Greed,1729555200,
72,Greed,1729468800,
73,Greed,1729382400,
72,Greed,1729296000,
73,Greed,1729209600,
71,Greed,1729123200,
73,Greed,1729036800,
65,Greed,1728950400,
48,Neutral,1728864000,
50,Neutral,1728777600,
49,Neutral,1728691200,
32,Fear,1728604800,
39,Fear,1728518400,
49,Neutral,1728432000,
49,Neutral,1728345600,
50,Neutral,1728259200,
50,Neutral,1728172800,
49,Neutral,1728086400,
41,Fear,1728000000,
37,Fear,1727913600,
42,Fear,1727827200,
50,Neutral,1727740800,
61,Greed,1727654400,
63,Greed,1727568000,
64,Greed,1727481600,
61,Greed,1727395200,
50,Neutral,1727308800,
59,Greed,1727222400,
54,Neutral,1727136000,
50,Neutral,1727049600,
52,Neutral,1726963200,
54,Neutral,1726876800,
54,Neutral,1726790400,
49,Neutral,1726704000,
45,Fear,1726617600,
33,Fear,1726531200,
39,Fear,1726444800,
51,Neutral,1726358400,
50,Neutral,1726272000,
32,Fear,1726185600,
31,Fear,1726099200,
37,Fear,1726012800,
33,Fear,1725926400,
26,Fear,1725840000,
29,Fear,1725753600,
23,Extreme Fear,1725667200,
22,Extreme Fear,1725580800,
29,Fear,1725494400,
27,Fear,1725408000,
26,Fear,1725321600,
26,Fear,1725235200,
26,Fear,1725148800,
29,Fear,1725062400,
34,Fear,1724976000,
29,Fear,1724889600,
30,Fear,1724803200,
48,Neutral,1724716800,
55,Greed,1724630400,
54,Neutral,1724544000,
56,Greed,1724457600,
34,Fear,1724371200,
39,Fear,1724284800,
26,Fear,1724198400,
30,Fear,1724112000,
28,Fear,1724025600,
31,Fear,1723939200,
25,Extreme Fear,1723852800,
27,Fear,1723766400,
29,Fear,1723680000,
30,Fear,1723593600,
31,Fear,1723507200,
25,Extreme Fear,1723420800,
39,Fear,1723334400,
40,Fear,1723248000,
48,Neutral,1723161600,
20,Extreme Fear,1723075200,
29,Fear,1722988800,
17,Extreme Fear,1722902400,
26,Fear,1722816000,
34,Fear,1722729600,
37,Fear,1722643200,
57,Greed,1722556800,
52,Neutral,1722470400,
61,Greed,1722384000,
67,Greed,1722297600,
74,Greed,1722211200,
71,Greed,1722124800,
72,Greed,1722038400,
68,Greed,1721952000,
68,Greed,1721865600,
69,Greed,1721779200,
71,Greed,1721692800,
70,Greed,1721606400,
74,Greed,1721520000,
74,Greed,1721433600,
60,Greed,1721347200,
61,Greed,1721260800,
69,Greed,1721174400,
65,Greed,1721088000,
52,Neutral,1721001600,
33,Fear,1720915200,
25,Extreme Fear,1720828800,
25,Extreme Fear,1720742400,
29,Fear,1720656000,
28,Fear,1720569600,
27,Fear,1720483200,
28,Fear,1720396800,
29,Fear,1720310400,
26,Fear,1720224000,
29,Fear,1720137600,
44,Fear,1720051200,
50,Neutral,1719964800,
51,Neutral,1719878400,
53,Neutral,1719792000,
47,Neutral,1719705600,
30,Fear,1719619200,
47,Neutral,1719532800,
40,Fear,1719446400,
46,Fear,1719360000,
30,Fear,1719273600,
51,Neutral,1719187200,
55,Greed,1719100800,
53,Neutral,1719014400,
63,Greed,1718928000,
60,Greed,1718841600,
64,Greed,1718755200,
74,Greed,1718668800,
71,Greed,1718582400,
71,Greed,1718496000,
74,Greed,1718409600,
74,Greed,1718323200,
70,Greed,1718236800,
72,Greed,1718150400,
74,Greed,1718064000,
72,Greed,1717977600,
75,Greed,1717891200,
72,Greed,1717804800,
77,Extreme Greed,1717718400,
78,Extreme Greed,1717632000,
75,Greed,1717545600,
73,Greed,1717459200,
73,Greed,1717372800,
73,Greed,1717286400,
72,Greed,1717200000,
73,Greed,1717113600,
73,Greed,1717027200,
72,Greed,1716940800,
72,Greed,1716854400,
74,Greed,1716768000,
75,Greed,1716681600,
76,Extreme Greed,1716595200,
74,Greed,1716508800,
76,Extreme Greed,1716422400,
76,Extreme Greed,1716336000,
76,Extreme Greed,1716249600,
70,Greed,1716163200,
72,Greed,1716076800,
73,Greed,1715990400,
74,Greed,1715904000,
70,Greed,1715817600,
64,Greed,1715731200,
66,Greed,1715644800,
57,Greed,1715558400,
56,Greed,1715472000,
53,Neutral,1715385600,
66,Greed,1715299200,
55,Greed,1715212800,
64,Greed,1715126400,
68,Greed,1715040000,
71,Greed,1714953600,
69,Greed,1714867200,
67,Greed,1714780800,
48,Neutral,1714694400,
43,Fear,1714608000,
54,Neutral,1714521600,
67,Greed,1714435200,
67,Greed,1714348800,
65,Greed,1714262400,
67,Greed,1714176000,
70,Greed,1714089600,
72,Greed,1714003200,
72,Greed,1713916800,
71,Greed,1713830400,
73,Greed,1713744000,
72,Greed,1713657600,
66,Greed,1713571200,
66,Greed,1713484800,
57,Greed,1713398400,
67,Greed,1713312000,
65,Greed,1713225600,
74,Greed,1713139200,
72,Greed,1713052800,
72,Greed,1712966400,
79,Extreme Greed,1712880000,
76,Extreme Greed,1712793600,
78,Extreme Greed,1712707200,
80,Extreme Greed,1712620800,
76,Extreme Greed,1712534400,
78,Extreme Greed,1712448000,
75,Greed,1712361600,
79,Extreme Greed,1712275200,
70,Greed,1712188800,
71,Greed,1712102400,
79,Extreme Greed,1712016000,
79,Extreme Greed,1711929600,
75,Greed,1711843200,
75,Greed,1711756800,
79,Extreme Greed,1711670400,
80,Extreme Greed,1711584000,
83,Extreme Greed,1711497600,
81,Extreme Greed,1711411200,
75,Greed,1711324800,
74,Greed,1711238400,
73,Greed,1711152000,
75,Greed,1711065600,
78,Extreme Greed,1710979200,
74,Greed,1710892800,
79,Extreme Greed,1710806400,
77,Extreme Greed,1710720000,
79,Extreme Greed,1710633600,
81,Extreme Greed,1710547200,
83,Extreme Greed,1710460800,
88,Extreme Greed,1710374400,
81,Extreme Greed,1710288000,
81,Extreme Greed,1710201600,
82,Extreme Greed,1710115200,
79,Extreme Greed,1710028800,
84,Extreme Greed,1709942400,
81,Extreme Greed,1709856000,
82,Extreme Greed,1709769600,
75,Greed,1709683200,
90,Extreme Greed,1709596800,
82,Extreme Greed,1709510400,
83,Extreme Greed,1709424000,
80,Extreme Greed,1709337600,
80,Extreme Greed,1709251200,
80,Extreme Greed,1709164800,
82,Extreme Greed,1709078400,
79,Extreme Greed,1708992000,
72,Greed,1708905600,
74,Greed,1708819200,
72,Greed,1708732800,
76,Extreme Greed,1708646400,
74,Greed,1708560000,
78,Extreme Greed,1708473600,
72,Greed,1708387200,
75,Greed,1708300800,
72,Greed,1708214400,
76,Extreme Greed,1708128000,
72,Greed,1708041600,
72,Greed,1707955200,
74,Greed,1707868800,
79,Extreme Greed,1707782400,
70,Greed,1707696000,
71,Greed,1707609600,
74,Greed,1707523200,
72,Greed,1707436800,
66,Greed,1707350400,
62,Greed,1707264000,
64,Greed,1707177600,
60,Greed,1707091200,
60,Greed,1707004800,
60,Greed,1706918400,
63,Greed,1706832000,
63,Greed,1706745600,
60,Greed,1706659200,
61,Greed,1706572800,
55,Greed,1706486400,
54,Neutral,1706400000,
55,Greed,1706313600,
49,Neutral,1706227200,
52,Neutral,1706140800,
48,Neutral,1706054400,
50,Neutral,1705968000,
55,Greed,1705881600,
56,Greed,1705795200,
52,Neutral,1705708800,
51,Neutral,1705622400,
63,Greed,1705536000,
60,Greed,1705449600,
64,Greed,1705363200,
52,Neutral,1705276800,
60,Greed,1705190400,
64,Greed,1705104000,
71,Greed,1705017600,
76,Extreme Greed,1704931200,
73,Greed,1704844800,
76,Extreme Greed,1704758400,
71,Greed,1704672000,
71,Greed,1704585600,
70,Greed,1704499200,
72,Greed,1704412800,
68,Greed,1704326400,
70,Greed,1704240000,
71,Greed,1704153600,
65,Greed,1704067200,
67,Greed,1703980800,
68,Greed,1703894400,
65,Greed,1703808000,
73,Greed,1703721600,
73,Greed,1703635200,
71,Greed,1703548800,
73,Greed,1703462400,
71,Greed,1703376000,
70,Greed,1703289600,
74,Greed,1703203200,
70,Greed,1703116800,
74,Greed,1703030400,
73,Greed,1702944000,
65,Greed,1702857600,
73,Greed,1702771200,
67,Greed,1702684800,
70,Greed,1702598400,
72,Greed,1702512000,
65,Greed,1702425600,
67,Greed,1702339200,
74,Greed,1702252800,
74,Greed,1702166400,
73,Greed,1702080000,
72,Greed,1701993600,
72,Greed,1701907200,
72,Greed,1701820800,
75,Greed,1701734400,
74,Greed,1701648000,
73,Greed,1701561600,
74,Greed,1701475200,
71,Greed,1701388800,
74,Greed,1701302400,
72,Greed,1701216000,
68,Greed,1701129600,
66,Greed,1701043200,
73,Greed,1700956800,
73,Greed,1700870400,
66,Greed,1700784000,
66,Greed,1700697600,
62,Greed,1700611200,
71,Greed,1700524800,
69,Greed,1700438400,
66,Greed,1700352000,
69,Greed,1700265600,
63,Greed,1700179200,
70,Greed,1700092800,
60,Greed,1700006400,
69,Greed,1699920000,
72,Greed,1699833600,
73,Greed,1699747200,
70,Greed,1699660800,
70,Greed,1699574400,
69,Greed,1699488000,
66,Greed,1699401600,
68,Greed,1699315200,
74,Greed,1699228800,
70,Greed,1699142400,
68,Greed,1699056000,
65,Greed,1698969600,
72,Greed,1698883200,
66,Greed,1698796800,
66,Greed,1698710400,
68,Greed,1698624000,
72,Greed,1698537600,
65,Greed,1698451200,
70,Greed,1698364800,
71,Greed,1698278400,
72,Greed,1698192000,
66,Greed,1698105600,
53,Neutral,1698019200,
53,Neutral,1697932800,
63,Greed,1697846400,
53,Neutral,1697760000,
52,Neutral,1697673600,
50,Neutral,1697587200,
52,Neutral,1697500800,
47,Neutral,1697414400,
45,Fear,1697328000,
47,Neutral,1697241600,
44,Fear,1697155200,
45,Fear,1697068800,
47,Neutral,1696982400,
50,Neutral,1696896000,
50,Neutral,1696809600,
50,Neutral,1696723200,
49,Neutral,1696636800,
50,Neutral,1696550400,
48,Neutral,1696464000,
49,Neutral,1696377600,
50,Neutral,1696291200,
50,Neutral,1696204800,
48,Neutral,1696118400,
47,Neutral,1696032000,
48,Neutral,1695945600,
46,Fear,1695859200,
44,Fear,1695772800,
46,Fear,1695686400,
47,Neutral,1695600000,
44,Fear,1695513600,
47,Neutral,1695427200,
43,Fear,1695340800,
47,Neutral,1695254400,
47,Neutral,1695168000,
46,Fear,1695081600,
46,Fear,1694995200,
46,Fear,1694908800,
43,Fear,1694822400,
45,Fear,1694736000,
45,Fear,1694649600,
41,Fear,1694563200,
30,Fear,1694476800,
40,Fear,1694390400,
40,Fear,1694304000,
41,Fear,1694217600,
46,Fear,1694131200,
41,Fear,1694044800,
42,Fear,1693958400,
40,Fear,1693872000,
40,Fear,1693785600,
40,Fear,1693699200,
39,Fear,1693612800,
40,Fear,1693526400,
52,Neutral,1693440000,
49,Neutral,1693353600,
39,Fear,1693267200,
39,Fear,1693180800,
38,Fear,1693094400,
38,Fear,1693008000,
39,Fear,1692921600,
41,Fear,1692835200,
37,Fear,1692748800,
37,Fear,1692662400,
38,Fear,1692576000,
37,Fear,1692489600,
39,Fear,1692403200,
37,Fear,1692316800,
50,Neutral,1692230400,
52,Neutral,1692144000,
53,Neutral,1692057600,
50,Neutral,1691971200,
54,Neutral,1691884800,
54,Neutral,1691798400,
51,Neutral,1691712000,
53,Neutral,1691625600,
50,Neutral,1691539200,
54,Neutral,1691452800,
49,Neutral,1691366400,
49,Neutral,1691280000,
50,Neutral,1691193600,
54,Neutral,1691107200,
52,Neutral,1691020800,
53,Neutral,1690934400,
53,Neutral,1690848000,
50,Neutral,1690761600,
52,Neutral,1690675200,
52,Neutral,1690588800,
52,Neutral,1690502400,
51,Neutral,1690416000,
51,Neutral,1690329600,
50,Neutral,1690243200,
55,Greed,1690156800,
54,Neutral,1690070400,
52,Neutral,1689984000,
50,Neutral,1689897600,
56,Greed,1689811200,
50,Neutral,1689724800,
56,Greed,1689638400,
54,Neutral,1689552000,
57,Greed,1689465600,
56,Greed,1689379200,
60,Greed,1689292800,
57,Greed,1689206400,
64,Greed,1689120000,
57,Greed,1689033600,
56,Greed,1688947200,
55,Greed,1688860800,
58,Greed,1688774400,
55,Greed,1688688000,
56,Greed,1688601600,
61,Greed,1688515200,
64,Greed,1688428800,
62,Greed,1688342400,
63,Greed,1688256000,
59,Greed,1688169600,
56,Greed,1688083200,
54,Neutral,1687996800,
62,Greed,1687910400,
59,Greed,1687824000,
55,Greed,1687737600,
64,Greed,1687651200,
62,Greed,1687564800,
65,Greed,1687478400,
65,Greed,1687392000,
59,Greed,1687305600,
49,Neutral,1687219200,
47,Neutral,1687132800,
49,Neutral,1687046400,
47,Neutral,1686960000,
47,Neutral,1686873600,
41,Fear,1686787200,
46,Fear,1686700800,
45,Fear,1686614400,
47,Neutral,1686528000,
47,Neutral,1686441600,
49,Neutral,1686355200,
50,Neutral,1686268800,
50,Neutral,1686182400,
53,Neutral,1686096000,
44,Fear,1686009600,
53,Neutral,1685923200,
52,Neutral,1685836800,
53,Neutral,1685750400,
50,Neutral,1685664000,
52,Neutral,1685577600,
51,Neutral,1685491200,
51,Neutral,1685404800,
52,Neutral,1685318400,
50,Neutral,1685232000,
48,Neutral,1685145600,
49,Neutral,1685059200,
51,Neutral,1684972800,
50,Neutral,1684886400,
50,Neutral,1684800000,
49,Neutral,1684713600,
52,Neutral,1684627200,
48,Neutral,1684540800,
48,Neutral,1684454400,
51,Neutral,1684368000,
50,Neutral,1684281600,
54,Neutral,1684195200,
50,Neutral,1684108800,
48,Neutral,1684022400,
48,Neutral,1683936000,
49,Neutral,1683849600,
52,Neutral,1683763200,
52,Neutral,1683676800,
51,Neutral,1683590400,
60,Greed,1683504000,
64,Greed,1683417600,
60,Greed,1683331200,
61,Greed,1683244800,
64,Greed,1683158400,
64,Greed,1683072000,
55,Greed,1682985600,
63,Greed,1682899200,
60,Greed,1682812800,
64,Greed,1682726400,
64,Greed,1682640000,
59,Greed,1682553600,
56,Greed,1682467200,
53,Neutral,1682380800,
53,Neutral,1682294400,
56,Greed,1682208000,
53,Neutral,1682121600,
50,Neutral,1682035200,
52,Neutral,1681948800,
63,Greed,1681862400,
58,Greed,1681776000,
69,Greed,1681689600,
68,Greed,1681603200,
68,Greed,1681516800,
68,Greed,1681430400,
61,Greed,1681344000,
65,Greed,1681257600,
68,Greed,1681171200,
62,Greed,1681084800,
61,Greed,1680998400,
61,Greed,1680912000,
64,Greed,1680825600,
63,Greed,1680739200,
62,Greed,1680652800,
62,Greed,1680566400,
63,Greed,1680480000,
63,Greed,1680393600,
61,Greed,1680307200,
63,Greed,1680220800,
60,Greed,1680134400,
57,Greed,1680048000,
59,Greed,1679961600,
64,Greed,1679875200,
64,Greed,1679788800,
64,Greed,1679702400,
61,Greed,1679616000,
57,Greed,1679529600,
62,Greed,1679443200,
68,Greed,1679356800,
66,Greed,1679270400,
63,Greed,1679184000,
64,Greed,1679097600,
51,Neutral,1679011200,
52,Neutral,1678924800,
50,Neutral,1678838400,
56,Greed,1678752000,
49,Neutral,1678665600,
33,Fear,1678579200,
33,Fear,1678492800,
34,Fear,1678406400,
44,Fear,1678320000,
50,Neutral,1678233600,
49,Neutral,1678147200,
48,Neutral,1678060800,
47,Neutral,1677974400,
50,Neutral,1677888000,
50,Neutral,1677801600,
51,Neutral,1677715200,
50,Neutral,1677628800,
53,Neutral,1677542400,
50,Neutral,1677456000,
51,Neutral,1677369600,
52,Neutral,1677283200,
53,Neutral,1677196800,
56,Greed,1677110400,
59,Greed,1677024000,
60,Greed,1676937600,
58,Greed,1676851200,
60,Greed,1676764800,
60,Greed,1676678400,
61,Greed,1676592000,
62,Greed,1676505600,
53,Neutral,1676419200,
50,Neutral,1676332800,
48,Neutral,1676246400,
50,Neutral,1676160000,
49,Neutral,1676073600,
48,Neutral,1675987200,
55,Greed,1675900800,
58,Greed,1675814400,
54,Neutral,1675728000,
56,Greed,1675641600,
58,Greed,1675555200,
58,Greed,1675468800,
60,Greed,1675382400,
60,Greed,1675296000,
56,Greed,1675209600,
51,Neutral,1675123200,
61,Greed,1675036800,
55,Greed,1674950400,
52,Neutral,1674864000,
55,Greed,1674777600,
54,Neutral,1674691200,
51,Neutral,1674604800,
52,Neutral,1674518400,
50,Neutral,1674432000,
53,Neutral,1674345600,
53,Neutral,1674259200,
51,Neutral,1674172800,
45,Fear,1674086400,
52,Neutral,1674000000,
51,Neutral,1673913600,
45,Fear,1673827200,
52,Neutral,1673740800,
46,Fear,1673654400,
31,Fear,1673568000,
30,Fear,1673481600,
26,Fear,1673395200,
26,Fear,1673308800,
25,Extreme Fear,1673222400,
25,Extreme Fear,1673136000,
25,Extreme Fear,1673049600,
26,Fear,1672963200,
29,Fear,1672876800,
29,Fear,1672790400,
26,Fear,1672704000,
27,Fear,1672617600,
26,Fear,1672531200,
25,Extreme Fear,1672444800,
28,Fear,1672358400,
28,Fear,1672272000,
28,Fear,1672185600,
27,Fear,1672099200,
28,Fear,1672012800,
29,Fear,1671926400,
29,Fear,1671840000,
27,Fear,1671753600,
28,Fear,1671667200,
26,Fear,1671580800,
29,Fear,1671494400,
29,Fear,1671408000,
26,Fear,1671321600,
28,Fear,1671235200,
29,Fear,1671148800,
31,Fear,1671062400,
30,Fear,1670976000,
27,Fear,1670889600,
27,Fear,1670803200,
26,Fear,1670716800,
27,Fear,1670630400,
26,Fear,1670544000,
25,Extreme Fear,1670457600,
29,Fear,1670371200,
25,Extreme Fear,1670284800,
26,Fear,1670198400,
26,Fear,1670112000,
27,Fear,1670025600,
27,Fear,1669939200,
27,Fear,1669852800,
29,Fear,1669766400,
26,Fear,1669680000,
28,Fear,1669593600,
26,Fear,1669507200,
22,Extreme Fear,1669420800,
20,Extreme Fear,1669334400,
20,Extreme Fear,1669248000,
22,Extreme Fear,1669161600,
22,Extreme Fear,1669075200,
21,Extreme Fear,1668988800,
24,Extreme Fear,1668902400,
23,Extreme Fear,1668816000,
23,Extreme Fear,1668729600,
20,Extreme Fear,1668643200,
23,Extreme Fear,1668556800,
22,Extreme Fear,1668470400,
24,Extreme Fear,1668384000,
22,Extreme Fear,1668297600,
21,Extreme Fear,1668211200,
25,Extreme Fear,1668124800,
22,Extreme Fear,1668038400,
29,Fear,1667952000,
31,Fear,1667865600,
33,Fear,1667779200,
40,Fear,1667692800,
38,Fear,1667606400,
30,Fear,1667520000,
30,Fear,1667433600,
30,Fear,1667347200,
30,Fear,1667260800,
31,Fear,1667174400,
34,Fear,1667088000,
34,Fear,1667001600,
30,Fear,1666915200,
32,Fear,1666828800,
33,Fear,1666742400,
20,Extreme Fear,1666656000,
22,Extreme Fear,1666569600,
23,Extreme Fear,1666483200,
20,Extreme Fear,1666396800,
23,Extreme Fear,1666310400,
23,Extreme Fear,1666224000,
23,Extreme Fear,1666137600,
22,Extreme Fear,1666051200,
20,Extreme Fear,1665964800,
24,Extreme Fear,1665878400,
24,Extreme Fear,1665792000,
24,Extreme Fear,1665705600,
20,Extreme Fear,1665619200,
20,Extreme Fear,1665532800,
24,Extreme Fear,1665446400,
22,Extreme Fear,1665360000,
22,Extreme Fear,1665273600,
24,Extreme Fear,1665187200,
23,Extreme Fear,1665100800,
26,Fear,1665014400,
25,Extreme Fear,1664928000,
20,Extreme Fear,1664841600,
24,Extreme Fear,1664755200,
24,Extreme Fear,1664668800,
20,Extreme Fear,1664582400,
21,Extreme Fear,1664496000,
22,Extreme Fear,1664409600,
20,Extreme Fear,1664323200,
20,Extreme Fear,1664236800,
21,Extreme Fear,1664150400,
24,Extreme Fear,1664064000,
24,Extreme Fear,1663977600,
20,Extreme Fear,1663891200,
22,Extreme Fear,1663804800,
23,Extreme Fear,1663718400,
23,Extreme Fear,1663632000,
21,Extreme Fear,1663545600,
27,Fear,1663459200,
22,Extreme Fear,1663372800,
20,Extreme Fear,1663286400,
28,Fear,1663200000,
27,Fear,1663113600,
34,Fear,1663027200,
25,Extreme Fear,1662940800,
26,Fear,1662854400,
28,Fear,1662768000,
22,Extreme Fear,1662681600,
20,Extreme Fear,1662595200,
24,Extreme Fear,1662508800,
22,Extreme Fear,1662422400,
23,Extreme Fear,1662336000,
20,Extreme Fear,1662249600,
21,Extreme Fear,1662163200,
25,Extreme Fear,1662076800,
20,Extreme Fear,1661990400,
23,Extreme Fear,1661904000,
27,Fear,1661817600,
24,Extreme Fear,1661731200,
28,Fear,1661644800,
28,Fear,1661558400,
27,Fear,1661472000,
25,Extreme Fear,1661385600,
25,Extreme Fear,1661299200,
28,Fear,1661212800,
29,Fear,1661126400,
27,Fear,1661040000,
29,Fear,1660953600,
33,Fear,1660867200,
30,Fear,1660780800,
41,Fear,1660694400,
44,Fear,1660608000,
45,Fear,1660521600,
47,Neutral,1660435200,
46,Fear,1660348800,
42,Fear,1660262400,
41,Fear,1660176000,
31,Fear,1660089600,
42,Fear,1660003200,
30,Fear,1659916800,
30,Fear,1659830400,
31,Fear,1659744000,
31,Fear,1659657600,
30,Fear,1659571200,
34,Fear,1659484800,
31,Fear,1659398400,
33,Fear,1659312000,
39,Fear,1659225600,
42,Fear,1659139200,
39,Fear,1659052800,
32,Fear,1658966400,
28,Fear,1658880000,
26,Fear,1658793600,
30,Fear,1658707200,
30,Fear,1658620800,
31,Fear,1658534400,
33,Fear,1658448000,
34,Fear,1658361600,
31,Fear,1658275200,
30,Fear,1658188800,
20,Extreme Fear,1658102400,
24,Extreme Fear,1658016000,
21,Extreme Fear,1657929600,
15,Extreme Fear,1657843200,
18,Extreme Fear,1657756800,
15,Extreme Fear,1657670400,
16,Extreme Fear,1657584000,
22,Extreme Fear,1657497600,
24,Extreme Fear,1657411200,
24,Extreme Fear,1657324800,
20,Extreme Fear,1657238400,
18,Extreme Fear,1657152000,
18,Extreme Fear,1657065600,
19,Extreme Fear,1656979200,
14,Extreme Fear,1656892800,
11,Extreme Fear,1656806400,
14,Extreme Fear,1656720000,
11,Extreme Fear,1656633600,
11,Extreme Fear,1656547200,
13,Extreme Fear,1656460800,
10,Extreme Fear,1656374400,
12,Extreme Fear,1656288000,
14,Extreme Fear,1656201600,
14,Extreme Fear,1656115200,
11,Extreme Fear,1656028800,
11,Extreme Fear,1655942400,
11,Extreme Fear,1655856000,
9,Extreme Fear,1655769600,
9,Extreme Fear,1655683200,
6,Extreme Fear,1655596800,
6,Extreme Fear,1655510400,
9,Extreme Fear,1655424000,
7,Extreme Fear,1655337600,
7,Extreme Fear,1655251200,
8,Extreme Fear,1655164800,
11,Extreme Fear,1655078400,
14,Extreme Fear,1654992000,
12,Extreme Fear,1654905600,
13,Extreme Fear,1654819200,
11,Extreme Fear,1654732800,
17,Extreme Fear,1654646400,
15,Extreme Fear,1654560000,
13,Extreme Fear,1654473600,
10,Extreme Fear,1654387200,
14,Extreme Fear,1654300800,
10,Extreme Fear,1654214400,
13,Extreme Fear,1654128000,
17,Extreme Fear,1654041600,
16,Extreme Fear,1653955200,
10,Extreme Fear,1653868800,
14,Extreme Fear,1653782400,
13,Extreme Fear,1653696000,
12,Extreme Fear,1653609600,
12,Extreme Fear,1653523200,
11,Extreme Fear,1653436800,
12,Extreme Fear,1653350400,
10,Extreme Fear,1653264000,
14,Extreme Fear,1653177600,
13,Extreme Fear,1653091200,
13,Extreme Fear,1653004800,
13,Extreme Fear,1652918400,
12,Extreme Fear,1652832000,
8,Extreme Fear,1652745600,
14,Extreme Fear,1652659200,
10,Extreme Fear,1652572800,
9,Extreme Fear,1652486400,
10,Extreme Fear,1652400000,
12,Extreme Fear,1652313600,
12,Extreme Fear,1652227200,
10,Extreme Fear,1652140800,
11,Extreme Fear,1652054400,
18,Extreme Fear,1651968000,
23,Extreme Fear,1651881600,
22,Extreme Fear,1651795200,
27,Fear,1651708800,
21,Extreme Fear,1651622400,
27,Fear,1651536000,
28,Fear,1651449600,
22,Extreme Fear,1651363200,
20,Extreme Fear,1651276800,
23,Extreme Fear,1651190400,
24,Extreme Fear,1651104000,
21,Extreme Fear,1651017600,
27,Fear,1650931200,
23,Extreme Fear,1650844800,
24,Extreme Fear,1650758400,
24,Extreme Fear,1650672000,
26,Fear,1650585600,
27,Fear,1650499200,
27,Fear,1650412800,
27,Fear,1650326400,
24,Extreme Fear,1650240000,
28,Fear,1650153600,
28,Fear,1650067200,
22,Extreme Fear,1649980800,
28,Fear,1649894400,
25,Extreme Fear,1649808000,
20,Extreme Fear,1649721600,
32,Fear,1649635200,
34,Fear,1649548800,
30,Fear,1649462400,
37,Fear,1649376000,
34,Fear,1649289600,
48,Neutral,1649203200,
53,Neutral,1649116800,
52,Neutral,1649030400,
48,Neutral,1648944000,
52,Neutral,1648857600,
50,Neutral,1648771200,
52,Neutral,1648684800,
55,Greed,1648598400,
56,Greed,1648512000,
60,Greed,1648425600,
49,Neutral,1648339200,
51,Neutral,1648252800,
47,Neutral,1648166400,
40,Fear,1648080000,
31,Fear,1647993600,
26,Fear,1647907200,
30,Fear,1647820800,
31,Fear,1647734400,
28,Fear,1647648000,
25,Extreme Fear,1647561600,
27,Fear,1647475200,
24,Extreme Fear,1647388800,
21,Extreme Fear,1647302400,
23,Extreme Fear,1647216000,
21,Extreme Fear,1647129600,
22,Extreme Fear,1647043200,
22,Extreme Fear,1646956800,
28,Fear,1646870400,
22,Extreme Fear,1646784000,
21,Extreme Fear,1646697600,
23,Extreme Fear,1646611200,
22,Extreme Fear,1646524800,
22,Extreme Fear,1646438400,
33,Fear,1646352000,
39,Fear,1646265600,
52,Neutral,1646179200,
51,Neutral,1646092800,
20,Extreme Fear,1646006400,
26,Fear,1645920000,
26,Fear,1645833600,
27,Fear,1645747200,
23,Extreme Fear,1645660800,
25,Extreme Fear,1645574400,
20,Extreme Fear,1645488000,
25,Extreme Fear,1645401600,
27,Fear,1645315200,
25,Extreme Fear,1645228800,
30,Fear,1645142400,
52,Neutral,1645056000,
51,Neutral,1644969600,
46,Fear,1644883200,
46,Fear,1644796800,
44,Fear,1644710400,
44,Fear,1644624000,
50,Neutral,1644537600,
50,Neutral,1644451200,
54,Neutral,1644364800,
48,Neutral,1644278400,
45,Fear,1644192000,
37,Fear,1644105600,
33,Fear,1644019200,
20,Extreme Fear,1643932800,
20,Extreme Fear,1643846400,
28,Fear,1643760000,
26,Fear,1643673600,
20,Extreme Fear,1643587200,
29,Fear,1643500800,
24,Extreme Fear,1643414400,
24,Extreme Fear,1643328000,
20,Extreme Fear,1643241600,
23,Extreme Fear,1643155200,
12,Extreme Fear,1643068800,
13,Extreme Fear,1642982400,
11,Extreme Fear,1642896000,
13,Extreme Fear,1642809600,
19,Extreme Fear,1642723200,
24,Extreme Fear,1642636800,
24,Extreme Fear,1642550400,
24,Extreme Fear,1642464000,
22,Extreme Fear,1642377600,
21,Extreme Fear,1642291200,
23,Extreme Fear,1642204800,
21,Extreme Fear,1642118400,
21,Extreme Fear,1642032000,
22,Extreme Fear,1641945600,
21,Extreme Fear,1641859200,
23,Extreme Fear,1641772800,
23,Extreme Fear,1641686400,
10,Extreme Fear,1641600000,
18,Extreme Fear,1641513600,
15,Extreme Fear,1641427200,
24,Extreme Fear,1641340800,
23,Extreme Fear,1641254400,
29,Fear,1641168000,
29,Fear,1641081600,
21,Extreme Fear,1640995200,
28,Fear,1640908800,
22,Extreme Fear,1640822400,
27,Fear,1640736000,
41,Fear,1640649600,
40,Fear,1640563200,
37,Fear,1640476800,
39,Fear,1640390400,
41,Fear,1640304000,
34,Fear,1640217600,
45,Fear,1640131200,
27,Fear,1640044800,
25,Extreme Fear,1639958400,
29,Fear,1639872000,
24,Extreme Fear,1639785600,
23,Extreme Fear,1639699200,
29,Fear,1639612800,
28,Fear,1639526400,
21,Extreme Fear,1639440000,
28,Fear,1639353600,
27,Fear,1639267200,
16,Extreme Fear,1639180800,
24,Extreme Fear,1639094400,
29,Fear,1639008000,
28,Fear,1638921600,
25,Extreme Fear,1638835200,
16,Extreme Fear,1638748800,
18,Extreme Fear,1638662400,
25,Extreme Fear,1638576000,
31,Fear,1638489600,
32,Fear,1638403200,
34,Fear,1638316800,
40,Fear,1638230400,
33,Fear,1638144000,
27,Fear,1638057600,
21,Extreme Fear,1637971200,
47,Neutral,1637884800,
32,Fear,1637798400,
42,Fear,1637712000,
33,Fear,1637625600,
50,Neutral,1637539200,
49,Neutral,1637452800,
43,Fear,1637366400,
34,Fear,1637280000,
54,Neutral,1637193600,
52,Neutral,1637107200,
71,Greed,1637020800,
72,Greed,1636934400,
74,Greed,1636848000,
72,Greed,1636761600,
74,Greed,1636675200,
77,Extreme Greed,1636588800,
75,Greed,1636502400,
84,Extreme Greed,1636416000,
75,Greed,1636329600,
73,Greed,1636243200,
71,Greed,1636156800,
73,Greed,1636070400,
73,Greed,1635984000,
76,Extreme Greed,1635897600,
73,Greed,1635811200,
74,Greed,1635724800,
74,Greed,1635638400,
73,Greed,1635552000,
70,Greed,1635465600,
66,Greed,1635379200,
73,Greed,1635292800,
76,Extreme Greed,1635206400,
72,Greed,1635120000,
73,Greed,1635033600,
74,Greed,1634947200,
75,Greed,1634860800,
84,Extreme Greed,1634774400,
82,Extreme Greed,1634688000,
75,Greed,1634601600,
78,Extreme Greed,1634515200,
79,Extreme Greed,1634428800,
78,Extreme Greed,1634342400,
71,Greed,1634256000,
70,Greed,1634169600,
70,Greed,1634083200,
78,Extreme Greed,1633996800,
71,Greed,1633910400,
71,Greed,1633824000,
72,Greed,1633737600,
74,Greed,1633651200,
76,Extreme Greed,1633564800,
68,Greed,1633478400,
59,Greed,1633392000,
54,Neutral,1633305600,
49,Neutral,1633219200,
54,Neutral,1633132800,
27,Fear,1633046400,
20,Extreme Fear,1632960000,
24,Extreme Fear,1632873600,
25,Extreme Fear,1632787200,
26,Fear,1632700800,
27,Fear,1632614400,
28,Fear,1632528000,
33,Fear,1632441600,
27,Fear,1632355200,
21,Extreme Fear,1632268800,
27,Fear,1632182400,
50,Neutral,1632096000,
53,Neutral,1632009600,
50,Neutral,1631923200,
48,Neutral,1631836800,
53,Neutral,1631750400,
49,Neutral,1631664000,
30,Fear,1631577600,
44,Fear,1631491200,
32,Fear,1631404800,
31,Fear,1631318400,
46,Fear,1631232000,
45,Fear,1631145600,
47,Neutral,1631059200,
79,Extreme Greed,1630972800,
79,Extreme Greed,1630886400,
73,Greed,1630800000,
72,Greed,1630713600,
74,Greed,1630627200,
74,Greed,1630540800,
71,Greed,1630454400,
73,Greed,1630368000,
73,Greed,1630281600,
72,Greed,1630195200,
78,Extreme Greed,1630108800,
71,Greed,1630022400,
75,Greed,1629936000,
73,Greed,1629849600,
79,Extreme Greed,1629763200,
79,Extreme Greed,1629676800,
76,Extreme Greed,1629590400,
78,Extreme Greed,1629504000,
70,Greed,1629417600,
70,Greed,1629331200,
73,Greed,1629244800,
72,Greed,1629158400,
72,Greed,1629072000,
71,Greed,1628985600,
76,Extreme Greed,1628899200,
70,Greed,1628812800,
70,Greed,1628726400,
70,Greed,1628640000,
71,Greed,1628553600,
65,Greed,1628467200,
74,Greed,1628380800,
69,Greed,1628294400,
52,Neutral,1628208000,
50,Neutral,1628121600,
42,Fear,1628035200,
48,Neutral,1627948800,
48,Neutral,1627862400,
60,Greed,1627776000,
60,Greed,1627689600,
53,Neutral,1627603200,
50,Neutral,1627516800,
50,Neutral,1627430400,
32,Fear,1627344000,
26,Fear,1627257600,
27,Fear,1627171200,
22,Extreme Fear,1627084800,
23,Extreme Fear,1626998400,
21,Extreme Fear,1626912000,
10,Extreme Fear,1626825600,
19,Extreme Fear,1626739200,
24,Extreme Fear,1626652800,
19,Extreme Fear,1626566400,
15,Extreme Fear,1626480000,
22,Extreme Fear,1626393600,
20,Extreme Fear,1626307200,
21,Extreme Fear,1626220800,
20,Extreme Fear,1626134400,
25,Extreme Fear,1626048000,
20,Extreme Fear,1625961600,
20,Extreme Fear,1625875200,
20,Extreme Fear,1625788800,
20,Extreme Fear,1625702400,
28,Fear,1625616000,
20,Extreme Fear,1625529600,
29,Fear,1625443200,
27,Fear,1625356800,
24,Extreme Fear,1625270400,
21,Extreme Fear,1625184000,
28,Fear,1625097600,
28,Fear,1625011200,
25,Extreme Fear,1624924800,
25,Extreme Fear,1624838400,
22,Extreme Fear,1624752000,
20,Extreme Fear,1624665600,
27,Fear,1624579200,
22,Extreme Fear,1624492800,
14,Extreme Fear,1624406400,
10,Extreme Fear,1624320000,
23,Extreme Fear,1624233600,
21,Extreme Fear,1624147200,
23,Extreme Fear,1624060800,
25,Extreme Fear,1623974400,
26,Fear,1623888000,
33,Fear,1623801600,
38,Fear,1623715200,
28,Fear,1623628800,
23,Extreme Fear,1623542400,
28,Fear,1623456000,
21,Extreme Fear,1623369600,
21,Extreme Fear,1623283200,
14,Extreme Fear,1623196800,
13,Extreme Fear,1623110400,
15,Extreme Fear,1623024000,
17,Extreme Fear,1622937600,
24,Extreme Fear,1622851200,
27,Fear,1622764800,
24,Extreme Fear,1622678400,
23,Extreme Fear,1622592000,
20,Extreme Fear,1622505600,
18,Extreme Fear,1622419200,
10,Extreme Fear,1622332800,
18,Extreme Fear,1622246400,
21,Extreme Fear,1622160000,
27,Fear,1622073600,
22,Extreme Fear,1621987200,
22,Extreme Fear,1621900800,
10,Extreme Fear,1621814400,
14,Extreme Fear,1621728000,
12,Extreme Fear,1621641600,
19,Extreme Fear,1621555200,
11,Extreme Fear,1621468800,
23,Extreme Fear,1621382400,
21,Extreme Fear,1621296000,
27,Fear,1621209600,
20,Extreme Fear,1621123200,
27,Fear,1621036800,
26,Fear,1620950400,
31,Fear,1620864000,
68,Greed,1620777600,
61,Greed,1620691200,
72,Greed,1620604800,
73,Greed,1620518400,
67,Greed,1620432000,
64,Greed,1620345600,
65,Greed,1620259200,
48,Neutral,1620172800,
68,Greed,1620086400,
61,Greed,1620000000,
66,Greed,1619913600,
68,Greed,1619827200,
51,Neutral,1619740800,
52,Neutral,1619654400,
59,Greed,1619568000,
50,Neutral,1619481600,
27,Fear,1619395200,
31,Fear,1619308800,
37,Fear,1619222400,
55,Greed,1619136000,
65,Greed,1619049600,
73,Greed,1618963200,
73,Greed,1618876800,
74,Greed,1618790400,
79,Extreme Greed,1618704000,
76,Extreme Greed,1618617600,
78,Extreme Greed,1618531200,
79,Extreme Greed,1618444800,
75,Greed,1618358400,
74,Greed,1618272000,
74,Greed,1618185600,
76,Extreme Greed,1618099200,
70,Greed,1618012800,
70,Greed,1617926400,
73,Greed,1617840000,
72,Greed,1617753600,
75,Greed,1617667200,
71,Greed,1617580800,
74,Greed,1617494400,
73,Greed,1617408000,
74,Greed,1617321600,
74,Greed,1617235200,
76,Extreme Greed,1617148800,
72,Greed,1617062400,
72,Greed,1616976000,
74,Greed,1616889600,
65,Greed,1616803200,
54,Neutral,1616716800,
60,Greed,1616630400,
65,Greed,1616544000,
66,Greed,1616457600,
70,Greed,1616371200,
73,Greed,1616284800,
75,Greed,1616198400,
71,Greed,1616112000,
72,Greed,1616025600,
71,Greed,1615939200,
71,Greed,1615852800,
76,Extreme Greed,1615766400,
78,Extreme Greed,1615680000,
74,Greed,1615593600,
70,Greed,1615507200,
73,Greed,1615420800,
68,Greed,1615334400,
81,Extreme Greed,1615248000,
81,Extreme Greed,1615161600,
76,Extreme Greed,1615075200,
77,Extreme Greed,1614988800,
77,Extreme Greed,1614902400,
84,Extreme Greed,1614816000,
78,Extreme Greed,1614729600,
78,Extreme Greed,1614643200,
38,Fear,1614556800,
55,Greed,1614470400,
56,Greed,1614384000,
55,Greed,1614297600,
79,Extreme Greed,1614211200,
76,Extreme Greed,1614124800,
94,Extreme Greed,1614038400,
94,Extreme Greed,1613952000,
91,Extreme Greed,1613865600,
91,Extreme Greed,1613779200,
93,Extreme Greed,1613692800,
91,Extreme Greed,1613606400,
95,Extreme Greed,1613520000,
95,Extreme Greed,1613433600,
93,Extreme Greed,1613347200,
95,Extreme Greed,1613260800,
92,Extreme Greed,1613174400,
92,Extreme Greed,1613088000,
93,Extreme Greed,1613001600,
92,Extreme Greed,1612915200,
95,Extreme Greed,1612828800,
83,Extreme Greed,1612742400,
86,Extreme Greed,1612656000,
84,Extreme Greed,1612569600,
81,Extreme Greed,1612483200,
80,Extreme Greed,1612396800,
78,Extreme Greed,1612310400,
76,Extreme Greed,1612224000,
77,Extreme Greed,1612137600,
78,Extreme Greed,1612051200,
76,Extreme Greed,1611964800,
77,Extreme Greed,1611878400,
55,Greed,1611792000,
78,Extreme Greed,1611705600,
71,Greed,1611619200,
74,Greed,1611532800,
70,Greed,1611446400,
74,Greed,1611360000,
40,Fear,1611273600,
75,Greed,1611187200,
78,Extreme Greed,1611100800,
80,Extreme Greed,1611014400,
79,Extreme Greed,1610928000,
79,Extreme Greed,1610841600,
84,Extreme Greed,1610755200,
88,Extreme Greed,1610668800,
83,Extreme Greed,1610582400,
78,Extreme Greed,1610496000,
84,Extreme Greed,1610409600,
90,Extreme Greed,1610323200,
94,Extreme Greed,1610236800,
93,Extreme Greed,1610150400,
93,Extreme Greed,1610064000,
91,Extreme Greed,1609977600,
95,Extreme Greed,1609891200,
93,Extreme Greed,1609804800,
94,Extreme Greed,1609718400,
93,Extreme Greed,1609632000,
94,Extreme Greed,1609545600,
94,Extreme Greed,1609459200,
95,Extreme Greed,1609372800,
91,Extreme Greed,1609286400,
91,Extreme Greed,1609200000,
92,Extreme Greed,1609113600,
91,Extreme Greed,1609027200,
93,Extreme Greed,1608940800,
94,Extreme Greed,1608854400,
86,Extreme Greed,1608768000,
93,Extreme Greed,1608681600,
88,Extreme Greed,1608595200,
92,Extreme Greed,1608508800,
92,Extreme Greed,1608422400,
93,Extreme Greed,1608336000,
95,Extreme Greed,1608249600,
92,Extreme Greed,1608163200,
92,Extreme Greed,1608076800,
91,Extreme Greed,1607990400,
95,Extreme Greed,1607904000,
91,Extreme Greed,1607817600,
90,Extreme Greed,1607731200,
89,Extreme Greed,1607644800,
94,Extreme Greed,1607558400,
86,Extreme Greed,1607472000,
95,Extreme Greed,1607385600,
94,Extreme Greed,1607299200,
95,Extreme Greed,1607212800,
93,Extreme Greed,1607126400,
92,Extreme Greed,1607040000,
92,Extreme Greed,1606953600,
92,Extreme Greed,1606867200,
95,Extreme Greed,1606780800,
88,Extreme Greed,1606694400,
89,Extreme Greed,1606608000,
87,Extreme Greed,1606521600,
86,Extreme Greed,1606435200,
93,Extreme Greed,1606348800,
94,Extreme Greed,1606262400,
88,Extreme Greed,1606176000,
90,Extreme Greed,1606089600,
94,Extreme Greed,1606003200,
91,Extreme Greed,1605916800,
86,Extreme Greed,1605830400,
94,Extreme Greed,1605744000,
91,Extreme Greed,1605657600,
86,Extreme Greed,1605571200,
90,Extreme Greed,1605484800,
86,Extreme Greed,1605398400,
90,Extreme Greed,1605312000,
89,Extreme Greed,1605225600,
87,Extreme Greed,1605139200,
86,Extreme Greed,1605052800,
90,Extreme Greed,1604966400,
90,Extreme Greed,1604880000,
82,Extreme Greed,1604793600,
88,Extreme Greed,1604707200,
90,Extreme Greed,1604620800,
72,Greed,1604534400,
74,Greed,1604448000,
71,Greed,1604361600,
71,Greed,1604275200,
72,Greed,1604188800,
73,Greed,1604102400,
74,Greed,1604016000,
67,Greed,1603929600,
70,Greed,1603843200,
61,Greed,1603756800,
75,Greed,1603670400,
76,Extreme Greed,1603584000,
73,Greed,1603497600,
74,Greed,1603411200,
73,Greed,1603324800,
61,Greed,1603238400,
56,Greed,1603152000,
55,Greed,1603065600,
55,Greed,1602979200,
56,Greed,1602892800,
52,Neutral,1602806400,
56,Greed,1602720000,
53,Neutral,1602633600,
56,Greed,1602547200,
52,Neutral,1602460800,
55,Greed,1602374400,
53,Neutral,1602288000,
48,Neutral,1602201600,
46,Fear,1602115200,
43,Fear,1602028800,
47,Neutral,1601942400,
42,Fear,1601856000,
42,Fear,1601769600,
40,Fear,1601683200,
41,Fear,1601596800,
45,Fear,1601510400,
49,Neutral,1601424000,
45,Fear,1601337600,
43,Fear,1601251200,
47,Neutral,1601164800,
45,Fear,1601078400,
46,Fear,1600992000,
39,Fear,1600905600,
43,Fear,1600819200,
39,Fear,1600732800,
48,Neutral,1600646400,
52,Neutral,1600560000,
48,Neutral,1600473600,
49,Neutral,1600387200,
48,Neutral,1600300800,
43,Fear,1600214400,
47,Neutral,1600128000,
39,Fear,1600041600,
38,Fear,1599955200,
41,Fear,1599868800,
41,Fear,1599782400,
38,Fear,1599696000,
38,Fear,1599609600,
41,Fear,1599523200,
41,Fear,1599436800,
41,Fear,1599350400,
41,Fear,1599264000,
40,Fear,1599177600,
79,Extreme Greed,1599091200,
83,Extreme Greed,1599004800,
75,Greed,1598918400,
75,Greed,1598832000,
75,Greed,1598745600,
79,Extreme Greed,1598659200,
74,Greed,1598572800,
75,Greed,1598486400,
76,Extreme Greed,1598400000,
75,Greed,1598313600,
78,Extreme Greed,1598227200,
76,Extreme Greed,1598140800,
78,Extreme Greed,1598054400,
81,Extreme Greed,1597968000,
75,Greed,1597881600,
80,Extreme Greed,1597795200,
82,Extreme Greed,1597708800,
83,Extreme Greed,1597622400,
82,Extreme Greed,1597536000,
79,Extreme Greed,1597449600,
78,Extreme Greed,1597363200,
75,Greed,1597276800,
75,Greed,1597190400,
84,Extreme Greed,1597104000,
78,Extreme Greed,1597017600,
79,Extreme Greed,1596931200,
77,Extreme Greed,1596844800,
77,Extreme Greed,1596758400,
79,Extreme Greed,1596672000,
75,Greed,1596585600,
72,Greed,1596499200,
75,Greed,1596412800,
80,Extreme Greed,1596326400,
75,Greed,1596240000,
75,Greed,1596153600,
76,Extreme Greed,1596067200,
71,Greed,1595980800,
76,Extreme Greed,1595894400,
58,Greed,1595808000,
55,Greed,1595721600,
55,Greed,1595635200,
53,Neutral,1595548800,
55,Greed,1595462400,
50,Neutral,1595376000,
44,Fear,1595289600,
44,Fear,1595203200,
41,Fear,1595116800,
44,Fear,1595030400,
41,Fear,1594944000,
43,Fear,1594857600,
44,Fear,1594771200,
43,Fear,1594684800,
43,Fear,1594598400,
41,Fear,1594512000,
44,Fear,1594425600,
41,Fear,1594339200,
44,Fear,1594252800,
44,Fear,1594166400,
43,Fear,1594080000,
40,Fear,1593993600,
38,Fear,1593907200,
40,Fear,1593820800,
41,Fear,1593734400,
42,Fear,1593648000,
42,Fear,1593561600,
44,Fear,1593475200,
41,Fear,1593388800,
40,Fear,1593302400,
43,Fear,1593216000,
40,Fear,1593129600,
43,Fear,1593043200,
50,Neutral,1592956800,
41,Fear,1592870400,
38,Fear,1592784000,
37,Fear,1592697600,
38,Fear,1592611200,
39,Fear,1592524800,
40,Fear,1592438400,
38,Fear,1592352000,
39,Fear,1592265600,
37,Fear,1592179200,
40,Fear,1592092800,
38,Fear,1592006400,
38,Fear,1591920000,
52,Neutral,1591833600,
54,Neutral,1591747200,
52,Neutral,1591660800,
53,Neutral,1591574400,
54,Neutral,1591488000,
54,Neutral,1591401600,
53,Neutral,1591315200,
54,Neutral,1591228800,
48,Neutral,1591142400,
56,Greed,1591056000,
50,Neutral,1590969600,
51,Neutral,1590883200,
48,Neutral,1590796800,
48,Neutral,1590710400,
41,Fear,1590624000,
39,Fear,1590537600,
39,Fear,1590451200,
41,Fear,1590364800,
43,Fear,1590278400,
40,Fear,1590192000,
42,Fear,1590105600,
49,Neutral,1590019200,
52,Neutral,1589932800,
50,Neutral,1589846400,
50,Neutral,1589760000,
40,Fear,1589673600,
41,Fear,1589587200,
44,Fear,1589500800,
40,Fear,1589414400,
41,Fear,1589328000,
39,Fear,1589241600,
40,Fear,1589155200,
48,Neutral,1589068800,
56,Greed,1588982400,
55,Greed,1588896000,
49,Neutral,1588809600,
42,Fear,1588723200,
40,Fear,1588636800,
44,Fear,1588550400,
45,Fear,1588464000,
40,Fear,1588377600,
40,Fear,1588291200,
44,Fear,1588204800,
26,Fear,1588118400,
26,Fear,1588032000,
28,Fear,1587945600,
21,Extreme Fear,1587859200,
24,Extreme Fear,1587772800,
20,Extreme Fear,1587686400,
19,Extreme Fear,1587600000,
19,Extreme Fear,1587513600,
17,Extreme Fear,1587427200,
15,Extreme Fear,1587340800,
16,Extreme Fear,1587254400,
18,Extreme Fear,1587168000,
15,Extreme Fear,1587081600,
13,Extreme Fear,1586995200,
18,Extreme Fear,1586908800,
15,Extreme Fear,1586822400,
11,Extreme Fear,1586736000,
10,Extreme Fear,1586649600,
15,Extreme Fear,1586563200,
15,Extreme Fear,1586476800,
22,Extreme Fear,1586390400,
21,Extreme Fear,1586304000,
20,Extreme Fear,1586217600,
12,Extreme Fear,1586131200,
12,Extreme Fear,1586044800,
12,Extreme Fear,1585958400,
14,Extreme Fear,1585872000,
14,Extreme Fear,1585785600,
12,Extreme Fear,1585699200,
12,Extreme Fear,1585612800,
10,Extreme Fear,1585526400,
12,Extreme Fear,1585440000,
8,Extreme Fear,1585353600,
12,Extreme Fear,1585267200,
14,Extreme Fear,1585180800,
13,Extreme Fear,1585094400,
12,Extreme Fear,1585008000,
10,Extreme Fear,1584921600,
11,Extreme Fear,1584835200,
9,Extreme Fear,1584748800,
9,Extreme Fear,1584662400,
12,Extreme Fear,1584576000,
11,Extreme Fear,1584489600,
8,Extreme Fear,1584403200,
9,Extreme Fear,1584316800,
12,Extreme Fear,1584230400,
8,Extreme Fear,1584144000,
10,Extreme Fear,1584057600,
14,Extreme Fear,1583971200,
17,Extreme Fear,1583884800,
16,Extreme Fear,1583798400,
17,Extreme Fear,1583712000,
33,Fear,1583625600,
38,Fear,1583539200,
39,Fear,1583452800,
41,Fear,1583366400,
40,Fear,1583280000,
38,Fear,1583193600,
38,Fear,1583107200,
39,Fear,1583020800,
38,Fear,1582934400,
40,Fear,1582848000,
39,Fear,1582761600,
41,Fear,1582675200,
44,Fear,1582588800,
46,Fear,1582502400,
46,Fear,1582416000,
43,Fear,1582329600,
44,Fear,1582243200,
44,Fear,1582156800,
50,Neutral,1582070400,
53,Neutral,1581984000,
49,Neutral,1581897600,
59,Greed,1581811200,
64,Greed,1581724800,
63,Greed,1581638400,
65,Greed,1581552000,
61,Greed,1581465600,
52,Neutral,1581379200,
57,Greed,1581292800,
56,Greed,1581206400,
56,Greed,1581120000,
56,Greed,1581033600,
61,Greed,1580947200,
53,Neutral,1580860800,
56,Greed,1580774400,
59,Greed,1580688000,
57,Greed,1580601600,
57,Greed,1580515200,
55,Greed,1580428800,
57,Greed,1580342400,
57,Greed,1580256000,
54,Neutral,1580169600,
50,Neutral,1580083200,
42,Fear,1579996800,
41,Fear,1579910400,
40,Fear,1579824000,
49,Neutral,1579737600,
52,Neutral,1579651200,
49,Neutral,1579564800,
48,Neutral,1579478400,
53,Neutral,1579392000,
51,Neutral,1579305600,
54,Neutral,1579219200,
55,Greed,1579132800,
54,Neutral,1579046400,
56,Greed,1578960000,
49,Neutral,1578873600,
45,Fear,1578787200,
50,Neutral,1578700800,
41,Fear,1578614400,
44,Fear,1578528000,
51,Neutral,1578441600,
40,Fear,1578355200,
41,Fear,1578268800,
39,Fear,1578182400,
38,Fear,1578096000,
38,Fear,1578009600,
39,Fear,1577923200,
37,Fear,1577836800,
38,Fear,1577750400,
40,Fear,1577664000,
37,Fear,1577577600,
37,Fear,1577491200,
38,Fear,1577404800,
39,Fear,1577318400,
22,Extreme Fear,1577232000,
25,Extreme Fear,1577145600,
33,Fear,1577059200,
20,Extreme Fear,1576972800,
23,Extreme Fear,1576886400,
23,Extreme Fear,1576800000,
21,Extreme Fear,1576713600,
15,Extreme Fear,1576627200,
23,Extreme Fear,1576540800,
24,Extreme Fear,1576454400,
21,Extreme Fear,1576368000,
27,Fear,1576281600,
22,Extreme Fear,1576195200,
23,Extreme Fear,1576108800,
20,Extreme Fear,1576022400,
26,Fear,1575936000,
32,Fear,1575849600,
28,Fear,1575763200,
32,Fear,1575676800,
29,Fear,1575590400,
21,Extreme Fear,1575504000,
24,Extreme Fear,1575417600,
28,Fear,1575331200,
28,Fear,1575244800,
25,Extreme Fear,1575158400,
38,Fear,1575072000,
31,Fear,1574985600,
32,Fear,1574899200,
20,Extreme Fear,1574812800,
21,Extreme Fear,1574726400,
17,Extreme Fear,1574640000,
21,Extreme Fear,1574553600,
23,Extreme Fear,1574467200,
20,Extreme Fear,1574380800,
30,Fear,1574294400,
32,Fear,1574208000,
32,Fear,1574121600,
38,Fear,1574035200,
38,Fear,1573948800,
41,Fear,1573862400,
38,Fear,1573776000,
41,Fear,1573689600,
38,Fear,1573603200,
39,Fear,1573516800,
40,Fear,1573430400,
39,Fear,1573344000,
38,Fear,1573257600,
42,Fear,1573171200,
54,Neutral,1573084800,
53,Neutral,1572998400,
54,Neutral,1572912000,
49,Neutral,1572825600,
56,Greed,1572739200,
51,Neutral,1572652800,
49,Neutral,1572566400,
50,Neutral,1572480000,
53,Neutral,1572393600,
54,Neutral,1572307200,
52,Neutral,1572220800,
50,Neutral,1572134400,
53,Neutral,1572048000,
24,Extreme Fear,1571961600,
20,Extreme Fear,1571875200,
33,Fear,1571788800,
39,Fear,1571702400,
37,Fear,1571616000,
37,Fear,1571529600,
41,Fear,1571443200,
40,Fear,1571356800,
40,Fear,1571270400,
40,Fear,1571184000,
39,Fear,1571097600,
37,Fear,1571011200,
38,Fear,1570924800,
38,Fear,1570838400,
39,Fear,1570752000,
41,Fear,1570665600,
37,Fear,1570579200,
39,Fear,1570492800,
27,Fear,1570406400,
32,Fear,1570320000,
31,Fear,1570233600,
30,Fear,1570147200,
37,Fear,1570060800,
39,Fear,1569974400,
38,Fear,1569888000,
27,Fear,1569801600,
33,Fear,1569715200,
32,Fear,1569628800,
24,Extreme Fear,1569542400,
12,Extreme Fear,1569456000,
15,Extreme Fear,1569369600,
39,Fear,1569283200,
41,Fear,1569196800,
37,Fear,1569110400,
37,Fear,1569024000,
41,Fear,1568937600,
31,Fear,1568851200,
38,Fear,1568764800,
41,Fear,1568678400,
38,Fear,1568592000,
38,Fear,1568505600,
39,Fear,1568419200,
38,Fear,1568332800,
39,Fear,1568246400,
38,Fear,1568160000,
41,Fear,1568073600,
41,Fear,1567987200,
43,Fear,1567900800,
39,Fear,1567814400,
43,Fear,1567728000,
41,Fear,1567641600,
43,Fear,1567555200,
41,Fear,1567468800,
28,Fear,1567382400,
24,Extreme Fear,1567296000,
20,Extreme Fear,1567209600,
24,Extreme Fear,1567123200,
20,Extreme Fear,1567036800,
32,Fear,1566950400,
30,Fear,1566864000,
41,Fear,1566777600,
33,Fear,1566691200,
39,Fear,1566604800,
33,Fear,1566518400,
5,Extreme Fear,1566432000,
11,Extreme Fear,1566345600,
39,Fear,1566259200,
30,Fear,1566172800,
14,Extreme Fear,1566086400,
20,Extreme Fear,1566000000,
31,Fear,1565913600,
13,Extreme Fear,1565827200,
11,Extreme Fear,1565740800,
45,Fear,1565654400,
48,Neutral,1565568000,
45,Fear,1565481600,
59,Greed,1565395200,
60,Greed,1565308800,
61,Greed,1565222400,
45,Fear,1565136000,
66,Greed,1565049600,
64,Greed,1564963200,
62,Greed,1564876800,
61,Greed,1564790400,
61,Greed,1564704000,
57,Greed,1564617600,
31,Fear,1564531200,
22,Extreme Fear,1564444800,
19,Extreme Fear,1564358400,
16,Extreme Fear,1564272000,
47,Neutral,1564185600,
24,Extreme Fear,1564099200,
42,Fear,1564012800,
20,Extreme Fear,1563926400,
40,Fear,1563840000,
42,Fear,1563753600,
42,Fear,1563667200,
34,Fear,1563580800,
42,Fear,1563494400,
40,Fear,1563408000,
19,Extreme Fear,1563321600,
34,Fear,1563235200,
16,Extreme Fear,1563148800,
61,Greed,1563062400,
65,Greed,1562976000,
33,Fear,1562889600,
62,Greed,1562803200,
83,Extreme Greed,1562716800,
84,Extreme Greed,1562630400,
74,Greed,1562544000,
67,Greed,1562457600,
72,Greed,1562371200,
67,Greed,1562284800,
76,Extreme Greed,1562198400,
79,Extreme Greed,1562112000,
63,Greed,1562025600,
65,Greed,1561939200,
78,Extreme Greed,1561852800,
74,Greed,1561766400,
62,Greed,1561680000,
92,Extreme Greed,1561593600,
95,Extreme Greed,1561507200,
87,Extreme Greed,1561420800,
80,Extreme Greed,1561334400,
84,Extreme Greed,1561248000,
83,Extreme Greed,1561161600,
84,Extreme Greed,1561075200,
81,Extreme Greed,1560988800,
82,Extreme Greed,1560902400,
83,Extreme Greed,1560816000,
84,Extreme Greed,1560729600,
80,Extreme Greed,1560643200,
75,Greed,1560556800,
67,Greed,1560470400,
63,Greed,1560384000,
60,Greed,1560297600,
61,Greed,1560211200,
46,Fear,1560124800,
62,Greed,1560038400,
62,Greed,1559952000,
27,Fear,1559865600,
34,Fear,1559779200,
27,Fear,1559692800,
42,Fear,1559606400,
66,Greed,1559520000,
63,Greed,1559433600,
62,Greed,1559347200,
61,Greed,1559260800,
73,Greed,1559174400,
71,Greed,1559088000,
71,Greed,1559001600,
70,Greed,1558915200,
67,Greed,1558828800,
69,Greed,1558742400,
64,Greed,1558656000,
65,Greed,1558569600,
69,Greed,1558483200,
68,Greed,1558396800,
73,Greed,1558310400,
70,Greed,1558224000,
67,Greed,1558137600,
65,Greed,1558051200,
75,Greed,1557964800,
77,Extreme Greed,1557878400,
78,Extreme Greed,1557792000,
78,Extreme Greed,1557705600,
75,Greed,1557619200,
76,Extreme Greed,1557532800,
71,Greed,1557446400,
69,Greed,1557360000,
63,Greed,1557273600,
69,Greed,1557187200,
57,Greed,1557100800,
67,Greed,1557014400,
66,Greed,1556928000,
63,Greed,1556841600,
50,Neutral,1556755200,
51,Neutral,1556668800,
42,Fear,1556582400,
42,Fear,1556496000,
40,Fear,1556409600,
42,Fear,1556323200,
41,Fear,1556236800,
58,Greed,1556150400,
65,Greed,1556064000,
68,Greed,1555977600,
61,Greed,1555891200,
62,Greed,1555804800,
62,Greed,1555718400,
61,Greed,1555632000,
64,Greed,1555545600,
61,Greed,1555459200,
50,Neutral,1555372800,
60,Greed,1555286400,
51,Neutral,1555200000,
62,Greed,1555113600,
42,Fear,1555027200,
65,Greed,1554940800,
62,Greed,1554854400,
64,Greed,1554768000,
65,Greed,1554681600,
69,Greed,1554595200,
65,Greed,1554508800,
59,Greed,1554422400,
61,Greed,1554336000,
71,Greed,1554249600,
60,Greed,1554163200,
62,Greed,1554076800,
56,Greed,1553990400,
57,Greed,1553904000,
50,Neutral,1553817600,
49,Neutral,1553731200,
44,Fear,1553644800,
43,Fear,1553558400,
46,Fear,1553472000,
44,Fear,1553385600,
50,Neutral,1553299200,
56,Greed,1553212800,
62,Greed,1553126400,
55,Greed,1553040000,
56,Greed,1552953600,
56,Greed,1552867200,
58,Greed,1552780800,
54,Neutral,1552694400,
55,Greed,1552608000,
55,Greed,1552521600,
54,Neutral,1552435200,
56,Greed,1552348800,
56,Greed,1552262400,
55,Greed,1552176000,
55,Greed,1552089600,
54,Neutral,1552003200,
56,Greed,1551916800,
42,Fear,1551830400,
35,Fear,1551744000,
36,Fear,1551657600,
44,Fear,1551571200,
41,Fear,1551484800,
42,Fear,1551398400,
39,Fear,1551312000,
39,Fear,1551225600,
40,Fear,1551139200,
47,Neutral,1551052800,
69,Greed,1550966400,
63,Greed,1550880000,
61,Greed,1550793600,
59,Greed,1550707200,
59,Greed,1550620800,
65,Greed,1550534400,
63,Greed,1550448000,
38,Fear,1550361600,
43,Fear,1550275200,
43,Fear,1550188800,
48,Neutral,1550102400,
48,Neutral,1550016000,
38,Fear,1549929600,
46,Fear,1549843200,
40,Fear,1549756800,
42,Fear,1549670400,
37,Fear,1549584000,
18,Extreme Fear,1549497600,
14,Extreme Fear,1549411200,
21,Extreme Fear,1549324800,
27,Fear,1549238400,
19,Extreme Fear,1549152000,
22,Extreme Fear,1549065600,
23,Extreme Fear,1548979200,
17,Extreme Fear,1548892800,
22,Extreme Fear,1548806400,
21,Extreme Fear,1548720000,
35,Fear,1548633600,
39,Fear,1548547200,
41,Fear,1548460800,
35,Fear,1548374400,
37,Fear,1548288000,
33,Fear,1548201600,
27,Fear,1548115200,
30,Fear,1548028800,
35,Fear,1547942400,
31,Fear,1547856000,
29,Fear,1547769600,
28,Fear,1547683200,
24,Extreme Fear,1547596800,
27,Fear,1547510400,
16,Extreme Fear,1547424000,
21,Extreme Fear,1547337600,
22,Extreme Fear,1547251200,
19,Extreme Fear,1547164800,
37,Fear,1547078400,
42,Fear,1546992000,
39,Fear,1546905600,
39,Fear,1546819200,
31,Fear,1546732800,
36,Fear,1546646400,
48,Neutral,1546560000,
33,Fear,1546473600,
30,Fear,1546387200,
24,Extreme Fear,1546300800,
26,Fear,1546214400,
23,Extreme Fear,1546128000,
24,Extreme Fear,1546041600,
21,Extreme Fear,1545955200,
29,Fear,1545868800,
26,Fear,1545782400,
33,Fear,1545696000,
25,Extreme Fear,1545609600,
31,Fear,1545523200,
28,Fear,1545436800,
35,Fear,1545350400,
27,Fear,1545264000,
21,Extreme Fear,1545177600,
23,Extreme Fear,1545091200,
17,Extreme Fear,1545004800,
13,Extreme Fear,1544918400,
11,Extreme Fear,1544832000,
10,Extreme Fear,1544745600,
14,Extreme Fear,1544659200,
14,Extreme Fear,1544572800,
15,Extreme Fear,1544486400,
19,Extreme Fear,1544400000,
14,Extreme Fear,1544313600,
11,Extreme Fear,1544227200,
11,Extreme Fear,1544140800,
13,Extreme Fear,1544054400,
19,Extreme Fear,1543968000,
12,Extreme Fear,1543881600,
17,Extreme Fear,1543795200,
15,Extreme Fear,1543708800,
13,Extreme Fear,1543622400,
19,Extreme Fear,1543536000,
18,Extreme Fear,1543449600,
14,Extreme Fear,1543363200,
11,Extreme Fear,1543276800,
17,Extreme Fear,1543190400,
9,Extreme Fear,1543104000,
15,Extreme Fear,1543017600,
12,Extreme Fear,1542931200,
14,Extreme Fear,1542844800,
15,Extreme Fear,1542758400,
21,Extreme Fear,1542672000,
28,Fear,1542585600,
26,Fear,1542499200,
24,Extreme Fear,1542412800,
23,Extreme Fear,1542326400,
28,Fear,1542240000,
49,Neutral,1542153600,
56,Greed,1542067200,
52,Neutral,1541980800,
54,Neutral,1541894400,
52,Neutral,1541808000,
47,Neutral,1541721600,
51,Neutral,1541635200,
48,Neutral,1541548800,
42,Fear,1541462400,
42,Fear,1541376000,
41,Fear,1541289600,
36,Fear,1541203200,
36,Fear,1541116800,
29,Fear,1541030400,
32,Fear,1540944000,
31,Fear,1540857600,
34,Fear,1540771200,
35,Fear,1540684800,
33,Fear,1540598400,
29,Fear,1540512000,
25,Extreme Fear,1540425600,
23,Extreme Fear,1540339200,
24,Extreme Fear,1540252800,
27,Fear,1540166400,
21,Extreme Fear,1540080000,
21,Extreme Fear,1539993600,
24,Extreme Fear,1539907200,
26,Fear,1539820800,
23,Extreme Fear,1539734400,
24,Extreme Fear,1539648000,
20,Extreme Fear,1539561600,
18,Extreme Fear,1539475200,
15,Extreme Fear,1539388800,
13,Extreme Fear,1539302400,
19,Extreme Fear,1539216000,
28,Fear,1539129600,
31,Fear,1539043200,
26,Fear,1538956800,
29,Fear,1538870400,
34,Fear,1538784000,
37,Fear,1538697600,
29,Fear,1538611200,
36,Fear,1538524800,
33,Fear,1538438400,
35,Fear,1538352000,
34,Fear,1538265600,
37,Fear,1538179200,
42,Fear,1538092800,
42,Fear,1538006400,
37,Fear,1537920000,
37,Fear,1537833600,
43,Fear,1537747200,
38,Fear,1537660800,
35,Fear,1537574400,
31,Fear,1537488000,
24,Extreme Fear,1537401600,
24,Extreme Fear,1537315200,
21,Extreme Fear,1537228800,
25,Extreme Fear,1537142400,
28,Fear,1537056000,
24,Extreme Fear,1536969600,
23,Extreme Fear,1536883200,
20,Extreme Fear,1536796800,
14,Extreme Fear,1536710400,
18,Extreme Fear,1536624000,
15,Extreme Fear,1536537600,
13,Extreme Fear,1536451200,
18,Extreme Fear,1536364800,
17,Extreme Fear,1536278400,
14,Extreme Fear,1536192000,
17,Extreme Fear,1536105600,
26,Fear,1536019200,
19,Extreme Fear,1535932800,
18,Extreme Fear,1535846400,
21,Extreme Fear,1535760000,
17,Extreme Fear,1535673600,
22,Extreme Fear,1535587200,
19,Extreme Fear,1535500800,
19,Extreme Fear,1535414400,
18,Extreme Fear,1535328000,
19,Extreme Fear,1535241600,
22,Extreme Fear,1535155200,
19,Extreme Fear,1535068800,
18,Extreme Fear,1534982400,
21,Extreme Fear,1534896000,
19,Extreme Fear,1534809600,
26,Fear,1534723200,
27,Fear,1534636800,
24,Extreme Fear,1534550400,
19,Extreme Fear,1534464000,
21,Extreme Fear,1534377600,
18,Extreme Fear,1534291200,
16,Extreme Fear,1534204800,
21,Extreme Fear,1534118400,
18,Extreme Fear,1534032000,
18,Extreme Fear,1533945600,
21,Extreme Fear,1533859200,
19,Extreme Fear,1533772800,
23,Extreme Fear,1533686400,
25,Extreme Fear,1533600000,
25,Extreme Fear,1533513600,
23,Extreme Fear,1533427200,
31,Fear,1533340800,
36,Fear,1533254400,
39,Fear,1533168000,
39,Fear,1533081600,
48,Neutral,1532995200,
53,Neutral,1532908800,
54,Neutral,1532822400,
54,Neutral,1532736000,
47,Neutral,1532649600,
53,Neutral,1532563200,
54,Neutral,1532476800,
49,Neutral,1532390400,
44,Fear,1532304000,
46,Fear,1532217600,
43,Fear,1532131200,
47,Neutral,1532044800,
44,Fear,1531958400,
42,Fear,1531872000,
39,Fear,1531785600,
36,Fear,1531699200,
32,Fear,1531612800,
29,Fear,1531526400,
29,Fear,1531440000,
33,Fear,1531353600,
29,Fear,1531267200,
37,Fear,1531180800,
39,Fear,1531094400,
38,Fear,1531008000,
34,Fear,1530921600,
34,Fear,1530835200,
37,Fear,1530748800,
33,Fear,1530662400,
31,Fear,1530576000,
27,Fear,1530489600,
27,Fear,1530403200,
22,Extreme Fear,1530316800,
16,Extreme Fear,1530230400,
20,Extreme Fear,1530144000,
18,Extreme Fear,1530057600,
21,Extreme Fear,1529971200,
16,Extreme Fear,1529884800,
15,Extreme Fear,1529798400,
17,Extreme Fear,1529712000,
28,Fear,1529625600,
37,Fear,1529539200,
34,Fear,1529452800,
32,Fear,1529366400,
27,Fear,1529280000,
23,Extreme Fear,1529193600,
22,Extreme Fear,1529107200,
26,Fear,1529020800,
17,Extreme Fear,1528934400,
19,Extreme Fear,1528848000,
19,Extreme Fear,1528761600,
15,Extreme Fear,1528675200,
24,Extreme Fear,1528588800,
39,Fear,1528502400,
40,Fear,1528416000,
38,Fear,1528329600,
42,Fear,1528243200,
26,Fear,1528156800,
41,Fear,1528070400,
40,Fear,1527984000,
27,Fear,1527897600,
24,Extreme Fear,1527811200,
25,Extreme Fear,1527724800,
38,Fear,1527638400,
16,Extreme Fear,1527552000,
22,Extreme Fear,1527465600,
19,Extreme Fear,1527379200,
23,Extreme Fear,1527292800,
25,Extreme Fear,1527206400,
27,Fear,1527120000,
26,Fear,1527033600,
30,Fear,1526947200,
41,Fear,1526860800,
32,Fear,1526774400,
31,Fear,1526688000,
37,Fear,1526601600,
31,Fear,1526515200,
32,Fear,1526428800,
40,Fear,1526342400,
40,Fear,1526256000,
40,Fear,1526169600,
44,Fear,1526083200,
41,Fear,1525996800,
63,Greed,1525910400,
53,Neutral,1525824000,
62,Greed,1525737600,
56,Greed,1525651200,
67,Greed,1525564800,
63,Greed,1525478400,
56,Greed,1525392000,
55,Greed,1525305600,
52,Neutral,1525219200,
56,Greed,1525132800,
59,Greed,1525046400,
61,Greed,1524960000,
54,Neutral,1524873600,
55,Greed,1524787200,
47,Neutral,1524700800,
64,Greed,1524614400,
29,Fear,1524528000,
28,Fear,1524441600,
31,Fear,1524355200,
32,Fear,1524268800,
26,Fear,1524182400,
25,Extreme Fear,1524096000,
24,Extreme Fear,1524009600,
26,Fear,1523923200,
23,Extreme Fear,1523577600,
18,Extreme Fear,1523491200,
20,Extreme Fear,1523404800,
18,Extreme Fear,1523318400,
21,Extreme Fear,1523232000,
17,Extreme Fear,1523145600,
20,Extreme Fear,1523059200,
19,Extreme Fear,1522972800,
17,Extreme Fear,1522886400,
22,Extreme Fear,1522800000,
22,Extreme Fear,1522713600,
11,Extreme Fear,1522627200,
16,Extreme Fear,1522540800,
16,Extreme Fear,1522454400,
12,Extreme Fear,1522368000,
18,Extreme Fear,1522281600,
24,Extreme Fear,1522195200,
24,Extreme Fear,1522108800,
31,Fear,1522022400,
30,Fear,1521936000,
32,Fear,1521849600,
28,Fear,1521763200,
36,Fear,1521676800,
36,Fear,1521590400,
37,Fear,1521504000,
29,Fear,1521417600,
29,Fear,1521331200,
31,Fear,1521244800,
33,Fear,1521158400,
32,Fear,1521072000,
40,Fear,1520985600,
41,Fear,1520899200,
41,Fear,1520812800,
40,Fear,1520726400,
39,Fear,1520640000,
37,Fear,1520553600,
39,Fear,1520467200,
37,Fear,1520380800,
59,Greed,1520294400,
55,Greed,1520208000,
44,Fear,1520121600,
56,Greed,1520035200,
47,Neutral,1519948800,
38,Fear,1519862400,
41,Fear,1519776000,
44,Fear,1519689600,
37,Fear,1519603200,
33,Fear,1519516800,
31,Fear,1519430400,
39,Fear,1519344000,
44,Fear,1519257600,
54,Neutral,1519171200,
74,Greed,1519084800,
67,Greed,1518998400,
63,Greed,1518912000,
74,Greed,1518825600,
67,Greed,1518739200,
71,Greed,1518652800,
55,Greed,1518566400,
35,Fear,1518480000,
42,Fear,1518393600,
31,Fear,1518307200,
54,Neutral,1518220800,
44,Fear,1518134400,
30,Fear,1518048000,
36,Fear,1517961600,
8,Extreme Fear,1517875200,
11,Extreme Fear,1517788800,
24,Extreme Fear,1517702400,
40,Fear,1517616000,
15,Extreme Fear,1517529600,
30,Fear,1517443200,
